{
  "aed": {
    "has_speech": true,
    "emotions": {
      "Opera": 0.8038497567176819,
      "Music": 0.7048435211181641,
      "Speech": 0.5011590123176575,
      "Laughter": 0.12326492369174957,
      "Classical music": 0.11443263292312622,
      "Singing": 0.1128145232796669,
      "Snicker": 0.1083458736538887,
      "Chuckle, chortle": 0.08130510151386261,
      "Orchestra": 0.060452669858932495,
      "Inside, small room": 0.03613899648189545
    }
  },
  "ted": {
    "transcription": "Какой ужас! Что это снимает? Чё шипишь?",
    "emotions": {
      "страх": 0.30108977818119653,
      "отвращение": 0.24753380879694892,
      "грусть": 0.18430471202978105,
      "удивление": 0.0939076636112157,
      "гнев": 0.09282430376296823,
      "нейтральность": 0.08033973361788957,
      "радость": 0.0,
      "top_emotion": 1.0
    },
    "top_emotion": ""
  },
  "fed": {
    "emotions": {
      "нейтральность": 0,
      "радость": 0,
      "грусть": 0,
      "удивление": 0,
      "страх": 0,
      "отвращение": 0,
      "гнев": 0
    },
    "total_frames": 0,
    "frames_with_faces": 0,
    "total_faces_detected": 0,
    "average_processing_time_ms": 0
  },
  "combined_top_emotions": {
    "страх": 0.30108977818119653,
    "отвращение": 0.24753380879694892,
    "грусть": 0.18430471202978105
  }
}